entry,ep,exit,xp,pnl,bars,type
2021-01-06 04:00:00,1793.5633661349343,2021-01-08 09:00:00,1822.037635477584,-1.587580895121131,53,SHORT
2021-01-10 19:00:00,1821.2076204194448,2021-01-30 11:00:00,1849.5133329524965,-1.5542276572800975,472,SHORT
2021-01-31 05:00:00,1833.7521883105517,2021-02-02 07:00:00,1800.471701491707,-1.8148846409560988,50,LONG
2021-02-02 22:00:00,1812.318598874716,2021-02-05 07:00:00,1848.2271618323605,-1.9813603954591923,57,SHORT
2021-02-07 19:00:00,1841.1040437158465,2021-02-08 20:00:00,1810.843277852453,-1.6436206289742934,25,LONG
2021-02-09 13:00:00,1817.1448862579043,2021-02-12 04:00:00,1847.6224024379253,-1.677219929489726,63,SHORT
2021-02-13 02:00:00,1837.8300784260005,2021-02-15 21:00:00,1802.7112691095003,-1.9108844570972214,67,LONG
2021-02-16 17:00:00,1827.515203370125,2021-02-19 23:00:00,1855.2422603868383,-1.5171998003399294,78,SHORT
2021-02-20 11:00:00,1842.1551894403312,2021-02-23 13:00:00,1811.9816660765089,-1.637946875311273,74,LONG
2021-02-24 02:00:00,1822.2599308008676,2021-02-26 17:00:00,1849.6799279972672,-1.5047248053327282,63,SHORT
2021-02-27 08:00:00,1845.0210761420212,2021-03-02 15:00:00,1810.9931016674009,-1.844313591570107,79,LONG
2021-03-03 05:00:00,1826.5786060731548,2021-03-05 07:00:00,1857.5233802390003,-1.6941386515180807,50,SHORT
2021-03-05 22:00:00,1846.3061049595751,2021-03-09 13:00:00,1816.716890553454,-1.6026169402049901,87,LONG
2021-03-10 05:00:00,1828.906439389977,2021-03-12 15:00:00,1864.737823107229,-1.959169859405339,58,SHORT
2021-03-13 17:00:00,1854.4692040040263,2021-03-15 23:00:00,1825.599626121755,-1.5567569318454282,54,LONG
2021-03-16 12:00:00,1833.12052401948,2021-03-19 16:00:00,1861.909610940531,-1.5704961318050812,76,SHORT
2021-03-20 04:00:00,1851.622936246493,2021-03-23 06:00:00,1820.175598286767,-1.69836619238874,74,LONG
2021-03-23 19:00:00,1835.2163591307444,2021-03-26 10:00:00,1864.078908581508,-1.5727055454341259,63,SHORT
2021-03-27 00:00:00,1850.4405027521293,2021-03-30 06:00:00,1814.7698116729607,-1.9276864630943913,78,LONG
2021-03-30 18:00:00,1834.6568752820965,2021-04-02 08:00:00,1865.4532273081415,-1.678589192396524,62,SHORT
2021-04-03 05:00:00,1854.5233735563293,2021-04-06 00:00:00,1824.633645133598,-1.6117202322132567,67,LONG
2021-04-06 15:00:00,1836.430636753688,2021-04-09 13:00:00,1864.183410671469,-1.5112345308527526,70,SHORT
2021-04-10 17:00:00,1854.6471052795468,2021-04-13 15:00:00,1822.068967307413,-1.7565680219916238,70,LONG
2021-04-14 18:00:00,1830.947416501874,2021-04-15 10:00:00,1860.6001299208945,-1.6195284010762951,16,SHORT
2021-04-18 01:00:00,1856.8125058619344,2021-04-19 15:00:00,1824.653440347543,-1.7319500710419395,38,LONG
2021-04-20 04:00:00,1841.080817027717,2021-04-24 08:00:00,1872.7434612581355,-1.7197856790195298,100,SHORT
2021-04-25 01:00:00,1860.2284678652104,2021-04-26 13:00:00,1829.7233206248388,-1.6398602519710461,36,LONG
2021-04-27 16:00:00,1830.8916143781464,2021-04-30 13:00:00,1858.5216723917856,-1.5091039686160568,69,SHORT
2021-05-02 07:00:00,1857.32296485991,2021-05-03 10:00:00,1828.868791828274,-1.531999203691649,27,LONG
2021-05-03 23:00:00,1840.9211479467303,2021-05-16 01:00:00,1873.7512574151656,-1.7833522910556092,290,SHORT
2021-05-16 14:00:00,1850.024028076908,2021-05-17 18:00:00,1815.0311393248617,-1.891482933247161,28,LONG
2021-05-18 23:00:00,1824.1657758913589,2021-05-21 05:00:00,1852.4565121227215,-1.5508862519657063,54,SHORT
2021-05-22 18:00:00,1849.8855576061133,2021-05-24 19:00:00,1818.41685651228,-1.7011161022607288,49,LONG
2021-05-26 11:00:00,1815.070165843868,2021-05-27 23:00:00,1846.7404036699063,-1.7448492307356147,36,SHORT
2021-05-28 21:00:00,1840.6070382442808,2021-05-31 22:00:00,1807.3789976175528,-1.8052761907519148,73,LONG
2021-06-01 10:00:00,1820.7925835028436,2021-06-04 20:00:00,1862.686405253154,-2.300856348487255,82,SHORT
2021-06-05 15:00:00,1840.0240854844933,2021-06-07 10:00:00,1809.5936860002028,-1.6538044107329157,43,LONG
2021-06-08 00:00:00,1820.2920334112264,2021-06-12 14:00:00,1850.2431226003832,-1.645400223667876,110,SHORT
2021-06-13 03:00:00,1835.1584381577168,2021-06-14 07:00:00,1804.70132671172,-1.6596447921179043,28,LONG
2021-06-16 17:00:00,1805.5718456726293,2021-06-18 15:00:00,1848.8922335167636,-2.399261372398957,46,SHORT
2021-06-19 18:00:00,1829.1321768478977,2021-06-21 13:00:00,1800.9056325020083,-1.5431659178688508,43,LONG
2021-06-23 07:00:00,1801.1762631296729,2021-06-25 16:00:00,1837.301526512668,-2.0056484266689667,57,SHORT
2021-06-26 08:00:00,1822.6539288211573,2021-06-28 23:00:00,1793.6999616404785,-1.5885608739452481,63,LONG
2021-06-29 14:00:00,1799.4803883428642,2021-07-02 09:00:00,1831.036293737471,-1.7536120759652434,67,SHORT
2021-07-03 05:00:00,1814.764023634872,2021-07-06 14:00:00,1783.5234926123262,-1.7214651941343195,81,LONG
2021-07-07 02:00:00,1795.087097090323,2021-07-09 05:00:00,1823.762755449165,-1.5974522019194977,51,SHORT
2021-07-09 22:00:00,1811.66051681082,2021-07-12 09:00:00,1782.401633498378,-1.6150312401767257,59,LONG
2021-07-13 04:00:00,1798.663518622962,2021-07-16 12:00:00,1826.4759306848343,-1.5462821019000335,80,SHORT
2021-07-17 23:00:00,1812.654158440648,2021-07-19 03:00:00,1778.7953742767568,-1.8679119790296077,28,LONG
2021-07-19 17:00:00,1798.2264348094,2021-07-31 21:00:00,1825.349360899012,-1.508315391464419,292,SHORT
2021-08-01 11:00:00,1804.1403180890677,2021-08-02 22:00:00,1772.598856242695,-1.7482820781800994,35,LONG
2021-08-03 12:00:00,1784.669772470934,2021-08-06 16:00:00,1820.7012330976272,-2.018942730049516,76,SHORT
2021-08-07 13:00:00,1802.951744482104,2021-08-09 12:00:00,1775.370422372642,-1.5297870391636417,47,LONG
2021-08-10 19:00:00,1774.642367765687,2021-08-13 00:00:00,1806.2338531989624,-1.7801606682618443,53,SHORT
2021-08-14 10:00:00,1795.1251658562403,2021-08-16 16:00:00,1766.0238804739374,-1.6211284837301092,54,LONG
2021-08-18 06:00:00,1769.6387541448132,2021-08-19 15:00:00,1797.793119905477,-1.5909668396852812,33,SHORT
2021-08-21 03:00:00,1790.5673521365295,2021-08-24 02:00:00,1750.8254689846788,-2.2195134466419364,71,LONG
2021-08-25 12:00:00,1767.284822578716,2021-08-27 09:00:00,1798.5470378115783,-1.7689404013126908,45,SHORT
2021-08-29 11:00:00,1789.881702193623,2021-08-30 07:00:00,1761.599243432054,-1.5801300570259387,20,LONG
2021-08-31 20:00:00,1765.715667337739,2021-09-03 05:00:00,1793.8858500418703,-1.5953974484807607,57,SHORT
2021-09-04 05:00:00,1783.503119512344,2021-09-06 21:00:00,1754.6090875405075,-1.620071849368948,64,LONG
2021-09-07 18:00:00,1769.9871133579293,2021-09-10 10:00:00,1802.6525166819515,-1.8455164491029032,64,SHORT
2021-09-11 14:00:00,1788.166555476598,2021-09-14 04:00:00,1755.115544848422,-1.8483183530611906,62,LONG
2021-09-15 03:00:00,1761.3998033766586,2021-09-17 07:00:00,1793.8871775633615,-1.8444065977765878,52,SHORT
2021-09-17 22:00:00,1779.8434086243883,2021-09-21 13:00:00,1751.2037152984649,-1.6091130931601767,87,LONG
2021-09-22 09:00:00,1760.222070380529,2021-09-23 20:00:00,1788.6775655945248,-1.616585525929934,35,SHORT
2021-09-24 10:00:00,1772.6866799600705,2021-09-29 14:00:00,1738.451835302134,-1.9312405878013157,124,LONG
2021-09-30 10:00:00,1762.8061525298272,2021-10-08 18:00:00,1807.9955526644871,2.5634923085449905,200,LONG
2021-10-09 07:00:00,1782.853059098965,2021-10-11 21:00:00,1753.832151782568,-1.6277789786592956,62,LONG
2021-10-12 17:00:00,1763.4000761850375,2021-10-14 23:00:00,1790.1119608685626,-1.5147943478211678,54,SHORT
2021-10-17 04:00:00,1787.24729692955,2021-10-18 19:00:00,1757.6155310814563,-1.6579555553951801,39,LONG
2021-10-19 12:00:00,1771.716819052716,2021-10-22 21:00:00,1805.3192061816287,-1.8966003351979817,81,SHORT
2021-10-23 10:00:00,1788.9153999612238,2021-10-25 12:00:00,1753.2855916179592,-1.9916989000171217,50,LONG
2021-10-27 15:00:00,1765.8816824828775,2021-10-28 23:00:00,1804.628604233861,-2.1941969348990784,32,SHORT
2021-10-29 19:00:00,1785.193703448902,2021-11-02 17:00:00,1754.9295444529537,-1.6952871241635838,94,LONG
2021-11-03 07:00:00,1768.3584793541663,2021-11-05 04:00:00,1796.484097961708,-1.590493044024282,45,SHORT
2021-11-09 18:00:00,1773.374691064104,2021-11-12 08:00:00,1800.3530942965265,-1.5213030482708838,62,SHORT
2021-11-13 01:00:00,1792.3654442278223,2021-11-16 01:00:00,1764.3564904058494,-1.5626809762581417,72,LONG
2021-11-17 08:00:00,1772.323354529978,2021-11-18 20:00:00,1800.8455750846756,-1.6093124588013918,36,SHORT
2021-11-19 14:00:00,1792.8558455907062,2021-11-24 10:00:00,1755.5981262177972,-2.0781213093366877,116,LONG
2021-11-26 22:00:00,1800.2415735949974,2021-12-01 04:00:00,1763.4121994187628,-2.045801781073637,102,LONG
2021-12-01 18:00:00,1781.7020364349348,2021-12-03 02:00:00,1809.1379205282285,-1.5398693795170728,32,SHORT
2021-12-03 16:00:00,1801.9573365882288,2021-12-07 20:00:00,1761.992438590228,-2.217860389173764,100,LONG
2021-12-09 06:00:00,1789.4542537422028,2021-12-09 19:00:00,1817.9309351572208,-1.5913612407506943,13,SHORT
2021-12-11 12:00:00,1813.0400828498107,2021-12-14 09:00:00,1785.0184844973192,-1.5455586789038906,69,LONG
2021-12-15 13:00:00,1795.6032140706905,2021-12-17 06:00:00,1828.2577656587869,-1.8185839350369333,41,SHORT
2021-12-18 03:00:00,1814.5884922913872,2021-12-22 04:00:00,1783.156606066212,-1.732177094625151,97,LONG
2021-12-22 23:00:00,1800.5103722536323,2021-12-24 18:00:00,1838.233769425168,-2.0951502281166365,43,SHORT
2021-12-25 21:00:00,1828.3692848537696,2021-12-27 21:00:00,1800.126839164275,-1.5446795088637362,48,LONG
2021-12-28 09:00:00,1815.588054603348,2022-01-01 11:00:00,1846.709105852883,-1.7141031067388364,98,SHORT
2022-01-02 01:00:00,1836.3955332872229,2022-01-03 17:00:00,1807.62158320241,-1.5668710560031884,40,LONG
2022-01-04 07:00:00,1816.724467890971,2022-01-07 12:00:00,1844.7549261274055,-1.5429119127225126,77,SHORT
2022-01-08 00:00:00,1828.2040464245183,2022-01-11 12:00:00,1795.1847474060987,-1.8061057835965615,84,LONG
2022-01-12 04:00:00,1814.969130668236,2022-01-14 02:00:00,1846.515030102965,-1.738095645908563,46,SHORT
2022-01-14 17:00:00,1833.697052864667,2022-01-18 18:00:00,1805.1167761227532,-1.5586149684466537,97,LONG
2022-01-20 11:00:00,1821.4866382856576,2022-02-05 05:00:00,1869.4419645532903,2.6327575102481773,378,LONG
2022-02-05 19:00:00,1854.1495214244217,2022-02-08 01:00:00,1825.8904321605696,-1.5240998062627895,54,LONG
2022-02-08 18:00:00,1836.494791914015,2022-02-11 22:00:00,1866.434956787827,-1.6302885804869705,76,SHORT
2022-02-12 12:00:00,1859.2682674236632,2022-02-15 16:00:00,1830.203237040763,-1.563251032255545,76,LONG
2022-02-16 04:00:00,1838.4037259735,2022-02-17 19:00:00,1866.9749695296712,-1.5541332489979383,39,SHORT
2022-02-18 13:00:00,1854.4132242628928,2022-02-22 20:00:00,1826.0979077573409,-1.5269151521935944,103,LONG
2022-02-23 11:00:00,1840.2501456356847,2022-02-25 00:00:00,1869.4961386883383,-1.589240089017955,37,SHORT
2022-02-26 06:00:00,1863.211242472857,2022-03-02 07:00:00,1829.9286361368277,-1.7863034301927392,97,LONG
2022-03-02 21:00:00,1842.9223766844189,2022-03-04 13:00:00,1872.0272911738691,-1.5792805414741664,40,SHORT
2022-03-05 14:00:00,1872.3321137832768,2022-03-07 21:00:00,1838.097655439135,-1.8284394147877354,55,LONG
2022-03-08 12:00:00,1851.549654558059,2022-03-11 22:00:00,1884.2962090927529,-1.7686025570029875,82,SHORT
2022-03-12 16:00:00,1871.2928861985529,2022-03-14 19:00:00,1842.2428416051723,-1.552405014075291,51,LONG
2022-03-15 12:00:00,1851.472748083068,2022-03-17 21:00:00,1882.6896031692304,-1.6860553372164404,57,SHORT
2022-03-18 17:00:00,1865.7352835400543,2022-03-22 19:00:00,1832.541758053422,-1.779112277045583,98,LONG
2022-03-23 12:00:00,1848.832542640724,2022-03-25 11:00:00,1882.198945913467,-1.8047282543547853,47,SHORT
2022-03-26 03:00:00,1876.787349652135,2022-03-29 06:00:00,1847.9969394424172,-1.5340262291864903,75,LONG
2022-03-29 23:00:00,1851.693166753795,2022-04-01 11:00:00,1884.9242351798669,-1.794631476894704,60,SHORT
2022-04-02 04:00:00,1871.1074903347776,2022-04-05 05:00:00,1842.3714363543136,-1.5357778283129304,73,LONG
2022-04-06 04:00:00,1849.2896552004945,2022-04-08 01:00:00,1877.6721208603203,-1.5347766413990278,45,SHORT
2022-04-09 22:00:00,1880.4986412352248,2022-04-11 20:00:00,1832.7038055115931,-2.541604374265175,46,LONG
2022-04-12 14:00:00,1855.5585423195396,2022-04-15 14:00:00,1886.2835626838803,-1.6558367555427767,72,SHORT
2022-04-17 01:00:00,1873.7539630221531,2022-04-19 10:00:00,1845.453299734447,-1.5103724312908382,57,LONG
2022-04-20 09:00:00,1847.0031005303508,2022-04-22 13:00:00,1880.043571544166,-1.7888692771727328,52,SHORT
2022-04-23 03:00:00,1868.572607647537,2022-04-26 01:00:00,1831.8389891987265,-1.9658651902778803,70,LONG
2022-04-27 12:00:00,1850.540277910476,2022-04-29 00:00:00,1880.079765518176,-1.5962628838889208,36,SHORT
2022-04-29 14:00:00,1862.3313436816832,2022-05-02 23:00:00,1831.9337843622309,-1.6322315264993978,81,LONG
2022-05-03 13:00:00,1853.1141238755624,2022-05-07 04:00:00,1884.825323134519,-1.7112383339152653,87,SHORT
2022-05-07 19:00:00,1870.2331756675544,2022-05-09 16:00:00,1837.6311423873344,-1.7432068741152094,45,LONG
2022-05-10 06:00:00,1853.554322540082,2022-05-14 15:00:00,1883.4896536647457,-1.6150231347760422,105,SHORT
2022-05-15 05:00:00,1867.4652838129296,2022-05-17 02:00:00,1838.686205944623,-1.541076994456699,45,LONG
2022-05-17 22:00:00,1845.7549914127608,2022-05-20 11:00:00,1875.8583543299155,-1.6309511856778627,61,SHORT
2022-05-21 05:00:00,1861.773216449668,2022-05-24 10:00:00,1830.381392970004,-1.6861249910731373,77,LONG
2022-05-25 07:00:00,1840.0054278001555,2022-05-27 16:00:00,1875.141372454482,-1.9095565764897662,57,SHORT
2022-05-28 08:00:00,1861.104259470089,2022-05-30 16:00:00,1827.4948382232576,-1.8058859989069542,56,LONG
2022-05-31 04:00:00,1845.967323879096,2022-06-04 05:00:00,1876.9551382774505,-1.6786762147683616,97,SHORT
2022-06-05 01:00:00,1859.1700056630316,2022-06-06 22:00:00,1830.6455436462304,-1.5342578639885365,45,LONG
2022-06-08 17:00:00,1826.1362388907585,2022-06-09 17:00:00,1862.9590151001871,-2.016430944483952,24,SHORT
2022-06-11 15:00:00,1853.996504777563,2022-06-13 14:00:00,1819.988377204382,-1.83431454620035,47,LONG
2022-06-14 08:00:00,1834.225017264087,2022-06-17 23:00:00,1863.4914486382768,-1.5955747576621389,87,SHORT
2022-06-18 14:00:00,1850.901985404265,2022-06-20 15:00:00,1820.3166761110567,-1.6524542917126912,49,LONG
2022-06-21 19:00:00,1823.3777557304493,2022-06-24 12:00:00,1856.440977012674,-1.813295197789639,65,SHORT
2022-06-25 12:00:00,1846.232900316241,2022-06-28 05:00:00,1817.781114436355,-1.541072411558291,65,LONG
2022-06-29 06:00:00,1819.778584038616,2022-07-01 10:00:00,1856.6039726521797,-2.0236191884310197,52,SHORT
2022-07-02 09:00:00,1836.4154203016444,2022-07-05 05:00:00,1807.8005739170248,-1.5581902693846568,68,LONG
2022-07-05 22:00:00,1819.680376661232,2022-07-08 18:00:00,1848.046815814299,-1.5588693221561238,68,SHORT
2022-07-09 10:00:00,1835.067236957692,2022-07-11 23:00:00,1798.996640925309,-1.9656280329097635,61,LONG
2022-07-12 20:00:00,1815.9259208809424,2022-07-15 04:00:00,1848.7445070267,-1.8072645898372648,56,SHORT
2022-07-15 20:00:00,1827.6794720925911,2022-07-19 04:00:00,1785.451407397205,-2.3104743112881474,80,LONG
2022-07-19 17:00:00,1811.060971294992,2022-07-22 06:00:00,1839.9259323801064,-1.593814981528457,61,SHORT
2022-07-22 22:00:00,1821.3207367101536,2022-07-26 11:00:00,1785.104524697656,-1.9884587751367107,85,LONG
2022-07-26 23:00:00,1802.578167041147,2022-07-29 04:00:00,1833.3841337529184,-1.7089947762064601,53,SHORT
2022-07-29 18:00:00,1815.3012911193125,2022-08-02 04:00:00,1783.5129880774678,-1.751130966377715,82,LONG
2022-08-02 18:00:00,1802.2926009535995,2022-08-05 02:00:00,1836.3260846640949,-1.8883439732531853,56,SHORT
2022-08-06 07:00:00,1819.3932571165903,2022-08-08 17:00:00,1790.5441437602142,-1.5856447331291532,58,LONG
2022-08-10 09:00:00,1793.494038393988,2022-08-12 05:00:00,1820.9662776240311,-1.531771984848283,44,SHORT
2022-08-13 17:00:00,1815.7258286901117,2022-08-16 16:00:00,1781.2256451222106,-1.9000767088712938,71,LONG
2022-08-17 13:00:00,1791.17985795024,2022-08-19 18:00:00,1824.8612071819616,-1.8804001776943489,53,SHORT
2022-08-20 08:00:00,1812.781293382992,2022-08-23 10:00:00,1782.789437648938,-1.6544663078513793,74,LONG
2022-08-24 06:00:00,1788.2592601708304,2022-08-26 16:00:00,1822.421223587041,-1.9103473515885514,58,SHORT
2022-08-27 06:00:00,1807.0586008229347,2022-08-30 01:00:00,1778.9090025243604,-1.5577579103275907,67,LONG
2022-08-31 12:00:00,1782.6865393376934,2022-09-01 18:00:00,1811.7853816395896,-1.632302800284061,30,SHORT
2022-09-02 17:00:00,1801.8415987617468,2022-09-06 03:00:00,1765.7761454032905,-2.0015884516841593,82,LONG
2022-09-07 08:00:00,1784.845987055434,2022-09-10 03:00:00,1813.595444494057,-1.6107528407004177,67,SHORT
2022-09-11 04:00:00,1811.311092794316,2022-09-13 07:00:00,1776.1483481567222,-1.9412868820533773,51,LONG
2022-09-13 21:00:00,1782.7348150787086,2022-09-16 15:00:00,1823.9432165132564,-2.3115272718073,66,SHORT
2022-09-17 05:00:00,1805.017523179499,2022-09-19 18:00:00,1777.1560401750403,-1.5435574805601504,61,LONG
2022-09-20 18:00:00,1785.7655986275631,2022-09-23 15:00:00,1816.0157232626875,-1.6939583032830794,69,SHORT
2022-09-24 17:00:00,1804.6525684239905,2022-09-27 07:00:00,1774.8040196328216,-1.6539775751537464,62,LONG
2022-09-28 02:00:00,1783.6211606436354,2022-10-01 00:00:00,1817.179247627524,-1.8814582224276208,70,SHORT
2022-10-01 14:00:00,1805.5130787387693,2022-10-03 22:00:00,1774.1382629006514,-1.737722988970792,56,LONG
2022-10-05 16:00:00,1781.521591260933,2022-10-07 09:00:00,1811.5346646437883,-1.6846876024450816,41,SHORT
2022-10-08 00:00:00,1803.575691877528,2022-10-10 13:00:00,1775.7197124792783,-1.5444862959564254,61,LONG
2022-10-11 10:00:00,1783.842726457614,2022-10-13 18:00:00,1812.195596158689,-1.5894265385928277,56,SHORT
2022-10-14 07:00:00,1795.085722623376,2022-10-18 07:00:00,1767.318334573402,-1.5468558242106758,96,LONG
2022-10-18 21:00:00,1783.1110404638448,2022-10-21 07:00:00,1812.799538764733,-1.6649831461514126,58,SHORT
2022-10-22 13:00:00,1809.7398114075647,2022-10-25 05:00:00,1779.0847667769635,-1.6938923726697797,64,LONG
2022-10-26 03:00:00,1787.7793891451438,2022-10-28 10:00:00,1821.347563274422,-1.8776463322652734,55,SHORT
2022-10-28 23:00:00,1808.0974600046504,2022-11-01 07:00:00,1774.9073671159306,-1.8356362764114762,80,LONG
2022-11-02 06:00:00,1787.1458783454802,2022-11-04 01:00:00,1814.232871285756,-1.515656515144275,43,SHORT
2022-11-04 14:00:00,1802.529915361578,2022-11-08 19:00:00,1769.832905245412,-1.813951038344202,101,LONG
2022-11-09 22:00:00,1791.7460666464228,2022-11-11 12:00:00,1833.7703813756173,-2.3454392065640497,38,SHORT
2022-11-12 17:00:00,1817.697614953209,2022-11-14 17:00:00,1787.2998932898854,-1.6723200500049142,48,LONG
2022-11-15 07:00:00,1803.28559014856,2022-11-18 12:00:00,1835.0410468098237,-1.7609776751250794,77,SHORT
2022-11-19 05:00:00,1819.5168473892368,2022-11-22 04:00:00,1791.211374848035,-1.5556587223589848,71,LONG
2022-11-23 14:00:00,1796.9389664793837,2022-11-25 04:00:00,1831.1186313415049,-1.902104940664011,38,SHORT
2022-11-26 00:00:00,1820.3856283314533,2022-11-29 16:00:00,1791.8675846215783,-1.566593542930479,88,LONG
2022-11-30 06:00:00,1805.3347779541136,2022-12-02 00:00:00,1834.452193324763,-1.612854065972541,42,SHORT
2022-12-02 14:00:00,1820.0048504932815,2022-12-14 01:00:00,1788.7423910803905,-1.7177129722713604,275,LONG
2022-12-14 13:00:00,1811.1785105146369,2022-12-16 03:00:00,1842.12078195378,-1.7084053978948193,38,SHORT
2022-12-16 19:00:00,1836.572637345979,2022-12-20 18:00:00,1802.3892127209704,-1.8612617834929175,95,LONG
2022-12-21 06:00:00,1816.4286504225104,2022-12-23 03:00:00,1844.023418788213,-1.519177114899825,45,SHORT
2022-12-23 18:00:00,1837.8232282593865,2022-12-27 08:00:00,1804.8412689285487,-1.794620876681114,86,LONG
2022-12-27 22:00:00,1820.8181086330949,2022-12-30 03:00:00,1859.651889166073,-2.1327655051789347,53,SHORT
2022-12-30 16:00:00,1837.9012622358905,2023-01-04 02:00:00,1807.940202582917,-1.6301778701933383,106,LONG
2023-01-04 19:00:00,1821.712704652112,2023-01-05 03:00:00,1853.05914025833,-1.720712356353912,8,SHORT
2023-01-06 01:00:00,1840.2265278605,2023-01-10 11:00:00,1812.2280539994813,-1.5214688755503685,106,LONG
2023-01-11 11:00:00,1831.9016802256288,2023-01-13 16:00:00,1865.2118007429872,-1.8183356059401474,53,SHORT
2023-01-14 09:00:00,1859.4775828491747,2023-01-16 14:00:00,1825.0086436804736,-1.8536894172118104,53,LONG
2023-01-18 06:00:00,1840.16681082104,2023-01-20 00:00:00,1868.6662949981333,-1.548744603451332,42,SHORT
2023-01-21 14:00:00,1866.957486330828,2023-01-24 06:00:00,1835.3444325731489,-1.6932926426626336,64,LONG
2023-01-25 00:00:00,1845.9529627719096,2023-01-27 00:00:00,1878.0676306384892,-1.7397338130629134,48,SHORT
2023-01-28 04:00:00,1864.239445833843,2023-02-01 02:00:00,1832.06005892782,-1.7261402218441892,94,LONG
2023-02-01 18:00:00,1842.81840347454,2023-02-03 00:00:00,1872.96374053251,-1.6358278711094096,30,SHORT
2023-02-03 23:00:00,1869.9710338391449,2023-02-06 21:00:00,1835.5748546696573,-1.8393963621388565,70,LONG
2023-02-09 02:00:00,1855.215535255096,2023-02-10 18:00:00,1885.1956707107088,-1.6159920443686033,40,SHORT
2023-02-12 03:00:00,1879.9453783751344,2023-02-14 01:00:00,1850.060056469962,-1.5896909691601064,46,LONG
2023-02-14 17:00:00,1859.4152155137067,2023-02-17 02:00:00,1894.7699568306864,-1.901390341544136,57,SHORT
2023-02-18 14:00:00,1884.248708786738,2023-02-20 17:00:00,1849.7765157219785,-1.8294927258809712,51,LONG
2023-02-21 10:00:00,1866.9384246653667,2023-02-24 21:00:00,1896.750873362632,-1.5968629871983602,83,SHORT
2023-02-25 19:00:00,1886.837428809696,2023-02-27 23:00:00,1850.289037713895,-1.9370185548448333,52,LONG
2023-03-01 08:00:00,1860.9982640405835,2023-03-03 06:00:00,1890.5598710390852,-1.5884811700102177,46,SHORT
2023-03-04 10:00:00,1885.5100584661493,2023-03-07 08:00:00,1854.2071652295608,-1.660181715607139,70,LONG
2023-03-07 22:00:00,1867.8641544833067,2023-03-10 03:00:00,1897.3937766464576,-1.5809298600368196,53,SHORT
2023-03-10 15:00:00,1878.353674898768,2023-03-15 03:00:00,1848.9509688784824,-1.565344504243606,108,LONG
2023-03-15 19:00:00,1868.5421207780985,2023-03-17 02:00:00,1898.7048430604357,-1.6142382848601151,31,SHORT
2023-03-17 18:00:00,1885.88025953762,2023-03-21 12:00:00,1854.273757333597,-1.675954878056386,90,LONG
2023-03-22 11:00:00,1870.786515005502,2023-03-24 02:00:00,1907.0784881694128,-1.9399313001678382,39,SHORT
2023-03-24 22:00:00,1888.0464410983568,2023-03-29 18:00:00,1856.945328411511,-1.647264177927375,116,LONG
2023-03-30 14:00:00,1872.071007882736,2023-05-16 17:00:00,1838.967225100771,-1.7682973905677093,1131,LONG
2023-05-17 17:00:00,1858.31943784414,2023-05-19 11:00:00,1890.321361273754,-1.7220894738495438,42,SHORT
2023-05-19 23:00:00,1879.446286095827,2023-05-23 04:00:00,1839.616863910978,-2.119210454669952,77,LONG
2023-05-24 13:00:00,1861.0994984815532,2023-05-26 00:00:00,1890.4983391111648,-1.579649054421742,35,SHORT
2023-05-27 04:00:00,1878.457388932719,2023-05-29 17:00:00,1847.216437529259,-1.6631173849096434,61,LONG
2023-05-30 09:00:00,1863.8733029426207,2023-06-03 08:00:00,1895.3180634709404,-1.68706534283611,95,SHORT
2023-06-04 11:00:00,1877.678678530208,2023-06-05 23:00:00,1849.493053311159,-1.5010888466343881,36,LONG
2023-06-06 12:00:00,1858.245493605488,2023-06-10 09:00:00,1892.0204905203489,-1.8175745363616294,93,SHORT
2023-06-11 00:00:00,1877.7890195666007,2023-06-12 11:00:00,1842.8780339892369,-1.8591537821124005,35,LONG
2023-06-14 16:00:00,1844.700278919098,2023-06-16 11:00:00,1872.548223220988,-1.5096189131714832,43,SHORT
2023-06-17 13:00:00,1868.3561012426524,2023-06-19 15:00:00,1838.825505234964,-1.5805657169983445,50,LONG
2023-06-20 05:00:00,1851.575238977745,2023-06-23 20:00:00,1884.0486347453088,-1.7538253420094618,87,SHORT
2023-06-24 19:00:00,1868.4220079484555,2023-06-26 08:00:00,1839.9538633405648,-1.5236463971621175,37,LONG
2023-06-26 21:00:00,1855.048658820355,2023-07-18 23:00:00,1805.8460487582047,2.652362234715656,530,SHORT
2023-07-19 18:00:00,1820.9800204226856,2023-07-21 01:00:00,1850.6876474482904,-1.631408730047958,31,SHORT
2023-07-21 18:00:00,1837.6313418908308,2023-07-25 14:00:00,1809.586092409283,-1.5261629926648135,92,LONG
2023-07-27 09:00:00,1818.659656574607,2023-07-30 07:00:00,1866.5918051600472,2.6355755136570775,70,LONG
2023-07-30 22:00:00,1846.1420738783893,2023-08-02 15:00:00,1792.3437834587469,2.914092646543857,65,SHORT
2023-08-04 01:00:00,1819.5616315226796,2023-08-22 11:00:00,1790.8252443131846,-1.5793027678566325,442,LONG
2023-08-22 23:00:00,1806.149135769976,2023-08-25 05:00:00,1846.019800501096,-2.2074957123694365,54,SHORT
2023-08-27 19:00:00,1830.749094846456,2023-09-06 19:00:00,1783.431229303654,2.584617721565534,240,SHORT
2023-09-08 01:00:00,1812.2485187372488,2023-09-20 00:00:00,1780.9628789835883,-1.7263437895074063,287,LONG
2023-09-22 12:00:00,1812.1937646006768,2023-10-11 14:00:00,1780.4881374235454,-1.7495715853606781,458,LONG
2023-10-13 17:00:00,1816.3277904264328,2023-10-18 12:00:00,1787.27073497558,-1.5997693590335336,115,LONG
2023-10-20 20:00:00,1820.9009862307253,2023-10-23 11:00:00,1789.6743974800204,-1.7148976790519557,63,LONG
2023-10-24 07:00:00,1815.1793602912408,2023-10-27 23:00:00,1849.536499531904,-1.8927682846256395,88,SHORT
2023-10-28 22:00:00,1831.9713153693103,2023-10-31 09:00:00,1802.5709622862075,-1.604847894530266,59,LONG
2023-11-01 03:00:00,1805.043485913477,2023-11-03 15:00:00,1836.5679255527173,-1.7464642755288882,60,SHORT
2023-11-04 19:00:00,1833.4410344044063,2023-11-06 20:00:00,1804.2930866770585,-1.589794663716391,49,LONG
2023-11-08 21:00:00,1809.782260661844,2023-11-10 14:00:00,1846.4862652212853,-2.028089530837731,41,SHORT
2023-11-11 05:00:00,1835.61926523328,2023-11-14 12:00:00,1807.5065517354296,-1.5315111379743351,79,LONG
2023-11-15 21:00:00,1810.6416201100303,2023-11-17 14:00:00,1846.676321956459,-1.9901620202588188,41,SHORT
2023-11-18 04:00:00,1836.730838391505,2023-11-21 08:00:00,1808.6287266736956,-1.5300070718265601,76,LONG
2023-11-22 04:00:00,1816.5254889806376,2023-11-24 08:00:00,1843.8111604803469,-1.5020802991881421,52,SHORT
2023-11-27 11:00:00,1841.359397233354,2023-12-02 02:00:00,1870.4556067936253,-1.5801483188989829,111,SHORT
2023-12-03 05:00:00,1853.7057824021224,2023-12-04 16:00:00,1823.7989590200305,-1.6133532983501417,35,LONG
2023-12-05 14:00:00,1830.8825373341297,2023-12-08 12:00:00,1866.000244714342,-1.9180753906444334,70,SHORT
2023-12-09 23:00:00,1855.6986375660845,2023-12-11 01:00:00,1824.3221762722335,-1.6908166368545716,26,LONG
2023-12-11 14:00:00,1846.8164621387116,2023-12-16 03:00:00,1878.0055365880785,-1.6888020595857312,109,SHORT
2023-12-16 15:00:00,1855.89271057267,2023-12-19 00:00:00,1826.621513471748,-1.577203085834091,57,LONG
2023-12-20 00:00:00,1835.7397510401852,2023-12-21 19:00:00,1868.376874681575,-1.7778731229683598,43,SHORT
2023-12-22 17:00:00,1857.5125667614395,2023-12-26 11:00:00,1827.8459738953752,-1.597113979034221,90,LONG
2023-12-27 02:00:00,1841.4455528425583,2023-12-29 06:00:00,1872.11295607637,-1.6653983163646497,52,SHORT
2023-12-29 21:00:00,1860.0455039926087,2024-01-03 09:00:00,1831.245548554364,-1.5483468214312672,108,LONG
2024-01-03 21:00:00,1846.9013945197653,2024-01-05 16:00:00,1877.931474371572,-1.6801156761200673,43,SHORT
2024-01-06 15:00:00,1879.4768547005483,2024-01-08 17:00:00,1851.1262427724664,-1.5084310220249513,50,LONG
2024-01-09 17:00:00,1855.118230186771,2024-01-12 03:00:00,1884.027412597081,-1.5583471683850283,58,SHORT
2024-01-13 01:00:00,1871.5578162798777,2024-01-16 15:00:00,1842.3531235061528,-1.5604483345203564,86,LONG
2024-01-17 04:00:00,1855.6905606811624,2024-01-19 03:00:00,1886.8991807859372,-1.6817793206491904,47,SHORT
2024-01-20 20:00:00,1884.962031605592,2024-01-23 00:00:00,1851.803207650788,-1.7591242369248021,52,LONG
2024-01-24 00:00:00,1858.0630171961336,2024-01-26 08:00:00,1889.0077314204425,-1.6654286715746207,56,SHORT
2024-01-27 09:00:00,1888.5891509125047,2024-01-29 23:00:00,1856.2519071307784,-1.7122434366469823,62,LONG
2024-01-31 03:00:00,1864.3421267514705,2024-02-02 10:00:00,1895.9464252663677,-1.6951984328094454,55,SHORT
2024-02-04 01:00:00,1897.505105166866,2024-02-05 05:00:00,1867.3310217922933,-1.590197743996018,28,LONG
2024-02-07 10:00:00,1868.994770491844,2024-02-09 10:00:00,1897.929948764843,-1.548167963326313,48,SHORT
2024-02-10 06:00:00,1895.879008615424,2024-02-13 05:00:00,1866.8633227220864,-1.5304608448894637,71,LONG
2024-02-13 22:00:00,1875.9697838718816,2024-02-16 09:00:00,1905.943417578812,-1.597767403538165,59,SHORT
2024-02-16 23:00:00,1893.9692454288945,2024-02-20 17:00:00,1860.3395929208425,-1.7756176658737917,90,LONG
2024-02-21 17:00:00,1880.8962267720367,2024-02-22 13:00:00,1909.915092485088,-1.5428211987459328,20,SHORT
2024-02-23 02:00:00,1886.3968941875935,2024-03-09 08:00:00,1935.5990361528857,2.6082603357169893,366,LONG
2024-03-10 07:00:00,1911.448374669192,2024-03-12 04:00:00,1880.0819909721092,-1.64097467202122,45,LONG
2024-03-12 18:00:00,1891.4441966483944,2024-03-16 04:00:00,1931.4763856046443,-2.1164879739611795,82,SHORT
2024-03-16 18:00:00,1914.6846881673048,2024-03-18 20:00:00,1884.0615158166147,-1.5993846161689382,50,LONG
2024-03-20 23:00:00,1888.9540363773056,2024-03-22 12:00:00,1921.7666829993448,-1.73708020365431,37,SHORT
2024-03-23 02:00:00,1908.82642823404,2024-03-26 21:00:00,1868.5828926358065,-2.1082867987879284,91,LONG
2024-03-27 11:00:00,1887.926197856273,2024-03-29 14:00:00,1917.539992102993,-1.5685885539565236,51,SHORT
2024-03-30 19:00:00,1912.8425908593715,2024-04-02 04:00:00,1879.7240888084089,-1.7313762360385183,57,LONG
2024-04-02 22:00:00,1891.4283419145288,2024-04-04 16:00:00,1928.0531188235504,-1.9363555096118295,42,SHORT
2024-04-05 20:00:00,1908.9580085970003,2024-04-08 20:00:00,1879.4192998266867,-1.547373417188117,72,LONG
2024-04-10 04:00:00,1889.2297435957903,2024-04-12 16:00:00,1918.0124324063677,-1.523514485633441,60,SHORT
2024-04-13 06:00:00,1911.597657752244,2024-04-15 22:00:00,1882.8200830842568,-1.5054200632273937,64,LONG
2024-04-16 19:00:00,1892.2955950084915,2024-04-19 17:00:00,1926.9113146654556,-1.8292976926159752,70,SHORT
2024-04-20 12:00:00,1914.7754822839129,2024-04-22 21:00:00,1881.7630871248623,-1.7240869994676316,57,LONG
2024-04-23 19:00:00,1893.1109617854,2024-04-27 05:00:00,1932.6158982140923,-2.0867734235417013,82,SHORT
2024-04-28 10:00:00,1912.949720207309,2024-04-29 18:00:00,1880.3532832683447,-1.7039881704487072,32,LONG
2024-05-01 03:00:00,1890.971425739751,2024-05-04 00:00:00,1923.01872629034,-1.6947532952832425,69,SHORT
2024-05-04 22:00:00,1913.9449437215576,2024-05-06 15:00:00,1883.8903442372284,-1.5702959263754843,41,LONG
2024-05-07 11:00:00,1894.544617535369,2024-05-11 03:00:00,1924.5527331338567,-1.583922348449384,88,SHORT
2024-05-12 12:00:00,1909.9326209973567,2024-05-13 21:00:00,1876.1078103685827,-1.7709949689801552,33,LONG
2024-05-14 12:00:00,1888.379917947697,2024-05-18 00:00:00,1916.908643728188,-1.5107513858491013,84,SHORT
2024-05-18 15:00:00,1902.731066516377,2024-05-21 01:00:00,1870.4436486904576,-1.6968986523688274,58,LONG
2024-05-21 22:00:00,1883.1079536363857,2024-05-25 05:00:00,1916.636456913092,-1.7804875823481532,79,SHORT
2024-05-25 17:00:00,1903.6056281988076,2024-05-27 03:00:00,1874.9782894416408,-1.5038481885690815,34,LONG
2024-05-28 07:00:00,1881.469096611233,2024-05-31 11:00:00,1910.4326318779667,-1.5394106296457795,76,SHORT
2024-06-01 03:00:00,1895.251306129852,2024-06-03 22:00:00,1863.870101648591,-1.6557806545107918,67,LONG
2024-06-05 01:00:00,1870.973941699667,2024-06-07 19:00:00,1902.1206892140767,-1.6647344369807102,66,SHORT
2024-06-08 23:00:00,1895.761787788865,2024-06-10 21:00:00,1861.703265607089,-1.7965612769049621,46,LONG
2024-06-11 14:00:00,1874.1873186295504,2024-06-15 17:00:00,1906.350245404184,-1.7160999039387348,99,SHORT
2024-06-16 08:00:00,1892.140637903102,2024-06-17 18:00:00,1857.085509436322,-1.852670344083343,34,LONG
2024-06-18 06:00:00,1871.2652763078388,2024-06-21 18:00:00,1904.4755811587024,-1.774751301771083,84,SHORT
2024-06-22 18:00:00,1885.0104523750592,2024-06-24 16:00:00,1846.462233376219,-2.044987015868826,46,LONG
2024-06-26 11:00:00,1857.227565146895,2024-06-27 17:00:00,1892.9742159887933,-1.9247318698433726,30,SHORT
2024-06-28 12:00:00,1871.4894775201,2024-07-02 17:00:00,1841.241208375141,-1.6162671235021249,101,LONG
2024-07-04 01:00:00,1852.90722507622,2024-07-05 14:00:00,1883.765169628384,-1.6653799032433882,37,SHORT
2024-07-07 15:00:00,1878.9167478020847,2024-07-16 03:00:00,1830.2752398600176,2.5888059169714106,204,SHORT
2024-07-17 01:00:00,1844.620792877536,2024-07-19 05:00:00,1873.3313872288047,-1.5564496758426654,52,SHORT
2024-07-20 06:00:00,1866.033999806003,2024-07-23 14:00:00,1827.617575860998,-2.0587204707416364,80,LONG
2024-07-24 04:00:00,1838.9009132302983,2024-07-26 16:00:00,1871.5418597997727,-1.7750247625977746,60,SHORT
2024-07-27 06:00:00,1859.5721511165216,2024-07-30 06:00:00,1829.4878189405083,-1.617809352433574,72,LONG
2024-07-30 21:00:00,1842.42919717445,2024-08-02 04:00:00,1870.614621322838,-1.5297968677229556,55,SHORT
2024-08-02 18:00:00,1850.6095879846307,2024-08-07 01:00:00,1821.6962467330964,-1.5623684995073348,103,LONG
2024-08-07 13:00:00,1829.7315040156195,2024-08-09 04:00:00,1858.6430609837157,-1.580098331621085,39,SHORT
2024-08-10 12:00:00,1855.4215838881616,2024-08-13 01:00:00,1822.7158141691525,-1.762713660497146,61,LONG
2024-08-14 02:00:00,1831.713982725744,2024-08-16 11:00:00,1860.1506398431327,-1.552461649884473,57,SHORT
2024-08-17 03:00:00,1851.3529115306733,2024-08-19 18:00:00,1822.0701980842416,-1.5816926780438163,63,LONG
2024-08-20 21:00:00,1828.4391537029187,2024-08-23 11:00:00,1857.364396921944,-1.5819636743419383,62,SHORT
2024-08-24 09:00:00,1847.2903872924123,2024-08-26 16:00:00,1817.804930371132,-1.5961462866970977,55,LONG
2024-08-27 10:00:00,1828.226556597788,2024-08-30 12:00:00,1860.9033507401396,-1.78734927705902,74,SHORT
2024-08-31 18:00:00,1846.403389267426,2024-09-02 12:00:00,1815.2966397631772,-1.6847212090848003,42,LONG
2024-09-03 10:00:00,1828.042195309678,2024-09-06 16:00:00,1860.119636533476,-1.754742932417054,78,SHORT
2024-09-08 01:00:00,1846.4553188181285,2024-09-10 00:00:00,1812.5160934028584,-1.8380745566588534,47,LONG
2024-09-11 06:00:00,1821.3425614719345,2024-09-12 14:00:00,1852.0671396273208,-1.6869192432727196,32,SHORT
2024-09-13 04:00:00,1832.0575640749787,2024-09-17 21:00:00,1782.9091554028946,-2.682689105181012,113,LONG
2024-09-20 17:00:00,1835.2621694945688,2024-09-24 15:00:00,1803.4820435065371,-1.7316395726057963,94,LONG
2024-09-26 02:00:00,1820.9997792795411,2024-09-29 12:00:00,1872.985597956525,2.8547954408622433,82,LONG
2024-09-30 03:00:00,1844.6084887988472,2024-10-03 09:00:00,1797.7526885864356,2.54014879021416,78,SHORT
2024-10-04 18:00:00,1836.4841482038848,2024-10-08 14:00:00,1807.609788058318,-1.5722629663755376,92,LONG
2024-10-09 04:00:00,1821.0262900903572,2024-10-11 17:00:00,1851.3985160766936,-1.6678631248552351,61,SHORT
2024-10-13 03:00:00,1849.5732037314517,2024-10-14 21:00:00,1817.169924926264,-1.7519327561523481,42,LONG
2024-10-16 03:00:00,1820.265768560709,2024-10-18 02:00:00,1854.2728982855544,-1.8682507967907946,47,SHORT
2024-10-19 07:00:00,1849.1120281715716,2024-10-21 17:00:00,1817.9459960549163,-1.6854593795202721,58,LONG
2024-10-22 16:00:00,1829.566860096539,2024-10-26 03:00:00,1857.343395735876,-1.5182028186644867,83,SHORT
2024-10-26 16:00:00,1850.334964818397,2024-10-28 16:00:00,1817.5950852635565,-1.7694028474489705,48,LONG
2024-10-29 23:00:00,1830.0683831270885,2024-11-01 02:00:00,1861.2914201338103,-1.7061131318694307,51,SHORT
2024-11-02 01:00:00,1846.2922382613528,2024-11-05 06:00:00,1817.8626098966,-1.5398227742930355,77,LONG
2024-11-06 18:00:00,1827.2845665152504,2024-11-07 14:00:00,1856.5776500350305,-1.603093686477302,20,SHORT
2024-11-08 04:00:00,1836.2179324938877,2024-11-15 21:00:00,1884.18772559428,2.6124237353047395,185,LONG
2024-11-16 16:00:00,1860.1803658333845,2024-11-18 15:00:00,1827.1427868944909,-1.7760416971228672,47,LONG
2024-11-20 02:00:00,1836.5874182723785,2024-11-22 17:00:00,1872.2659650193352,-1.9426544248309423,63,SHORT
2024-11-24 05:00:00,1866.0828956090409,2024-11-26 00:00:00,1830.9925260259029,-1.8804293027767889,43,LONG
2024-11-27 05:00:00,1840.8264821638384,2024-11-29 17:00:00,1874.5079491680492,-1.8296926587355071,60,SHORT
2024-12-01 17:00:00,1868.9912784815972,2024-12-03 04:00:00,1839.309599658102,-1.5881122167466315,35,LONG
2024-12-06 07:00:00,1856.4041602932568,2024-12-11 03:00:00,1826.3129398997164,-1.6209412280560127,116,LONG
2024-12-11 16:00:00,1847.9383636585048,2024-12-13 13:00:00,1881.956094945596,-1.8408477228506546,45,SHORT
2024-12-14 09:00:00,1873.9992044322776,2024-12-17 05:00:00,1840.916146452451,-1.7653720397308854,68,LONG
2024-12-18 10:00:00,1854.8335241858756,2024-12-20 09:00:00,1889.789810443225,-1.8846050495390079,47,SHORT
2024-12-21 14:00:00,1880.381067618628,2024-12-24 11:00:00,1849.708308867643,-1.631199084014927,69,LONG
2024-12-25 09:00:00,1860.242088576601,2024-12-27 05:00:00,1889.502324656068,-1.5729262475646901,44,SHORT
2024-12-28 18:00:00,1888.5028740849405,2024-12-30 16:00:00,1859.389695826724,-1.5416009505584198,46,LONG
2024-12-31 17:00:00,1866.683123071802,2025-01-03 13:00:00,1898.0871454696453,-1.6823435113167535,68,SHORT
2025-01-04 03:00:00,1887.068623158905,2025-01-07 02:00:00,1856.519966825099,-1.618841835368362,71,LONG
2025-01-08 05:00:00,1869.7271511099464,2025-01-10 00:00:00,1898.2379445295617,-1.5248638499307312,43,SHORT
2025-01-11 22:00:00,1900.4405978773088,2025-01-14 01:00:00,1863.5662946369105,-1.9403028582732347,51,LONG
2025-01-15 01:00:00,1877.6384436714372,2025-01-17 11:00:00,1910.9923260767384,-1.7763740680598088,58,SHORT
2025-01-18 16:00:00,1901.959333195432,2025-01-21 04:00:00,1871.7291131460536,-1.5894251534069044,60,LONG
2025-01-21 19:00:00,1881.5815806366568,2025-01-24 12:00:00,1911.0195236951945,-1.5645318471164567,65,SHORT
2025-01-26 00:00:00,1909.3334101029156,2025-01-27 05:00:00,1879.8381624626963,-1.5447929358042016,29,LONG
2025-01-28 13:00:00,1890.2176477351488,2025-01-31 05:00:00,1921.8081477018363,-1.6712625662203033,64,SHORT
2025-01-31 18:00:00,1901.994674033922,2025-02-05 20:00:00,1870.0374182680189,-1.6801969112839414,122,LONG
2025-02-06 16:00:00,1892.4764587704824,2025-02-16 04:00:00,1940.8499941406085,2.5560970730147816,228,LONG
2025-02-17 04:00:00,1919.14111146014,2025-03-02 07:00:00,1950.1805669074445,-1.61736181159126,315,SHORT
2025-03-02 19:00:00,1927.1424660009077,2025-05-28 16:00:00,1878.9527584609016,2.5005783635709378,2085,SHORT
2025-05-29 06:00:00,1893.0607278851016,2025-05-30 09:00:00,1932.9255497533327,-2.1058395687478773,27,SHORT
2025-05-31 11:00:00,1917.6228711958172,2025-06-03 12:00:00,1888.187322948653,-1.5350019385620066,73,LONG
2025-06-04 02:00:00,1892.0314187049769,2025-06-06 06:00:00,1926.873292030215,-1.841506064898544,52,SHORT
2025-06-07 20:00:00,1913.4001041955964,2025-06-10 07:00:00,1877.184767979443,-1.8927215555566497,59,LONG
2025-06-10 21:00:00,1889.451978097654,2025-06-13 17:00:00,1918.2944851420289,-1.5265011960459616,68,SHORT
2025-06-14 08:00:00,1907.005807695387,2025-06-17 09:00:00,1872.9536817791527,-1.785633047304987,73,LONG
2025-06-18 01:00:00,1884.5480957773575,2025-06-20 16:00:00,1913.985155592496,-1.5620222100511627,63,SHORT
2025-06-21 13:00:00,1905.457360114856,2025-06-23 14:00:00,1873.496421706613,-1.6773368471659993,49,LONG
2025-06-24 03:00:00,1890.7178183526864,2025-06-28 04:00:00,1925.5216527858652,-1.8407735990715977,97,SHORT
2025-06-28 17:00:00,1902.7084891882823,2025-06-30 00:00:00,1873.0698967592527,-1.5577053761752941,31,LONG
2025-06-30 17:00:00,1889.9464452425289,2025-07-09 16:00:00,1840.275196537417,2.628182868892758,215,SHORT
2025-07-10 09:00:00,1870.6247947817249,2025-07-11 12:00:00,1907.864154669129,-1.9907444823401603,27,SHORT
2025-07-12 06:00:00,1892.6652557299087,2025-07-14 19:00:00,1862.0821478698904,-1.6158751669070996,61,LONG
2025-07-15 09:00:00,1872.613132809641,2025-07-18 22:00:00,1913.4666845328693,-2.181633302012158,85,SHORT
2025-07-19 12:00:00,1894.029725490797,2025-07-21 10:00:00,1860.1786081986236,-1.7872537498534624,46,LONG
2025-07-23 21:00:00,1862.4954160450188,2025-07-25 04:00:00,1896.3189344334844,-1.8160323025271818,31,SHORT
2025-07-25 16:00:00,1876.7852693120487,2025-07-29 01:00:00,1848.0012540986088,-1.5336871875593399,81,LONG
2025-07-29 15:00:00,1861.9321608103585,2025-08-01 11:00:00,1892.7171672005784,-1.653390334952994,68,SHORT
2025-08-02 07:00:00,1878.064298254371,2025-08-04 14:00:00,1841.0327626942735,-1.971792743971416,55,LONG
2025-08-05 16:00:00,1855.1672628757703,2025-08-08 11:00:00,1883.2282049697856,-1.5125828627719966,67,SHORT
2025-08-09 03:00:00,1869.9392505552496,2025-08-12 15:00:00,1841.8325835902413,-1.5030791485157875,84,LONG
2025-08-13 03:00:00,1851.5720778705631,2025-08-15 10:00:00,1881.6972918130416,-1.6270073578299238,55,SHORT
2025-08-16 09:00:00,1870.52656890273,2025-08-19 09:00:00,1836.9567508541863,-1.794672078260624,72,LONG
2025-08-20 00:00:00,1848.4602999850968,2025-08-22 05:00:00,1878.7331076205487,-1.6377310151424962,53,SHORT
2025-08-24 17:00:00,1870.144820965199,2025-09-23 06:00:00,1818.2656887549283,2.7740703088167984,709,SHORT
2025-09-23 21:00:00,1841.4443883406057,2025-09-26 16:00:00,1875.3533667358304,-1.8414337467872905,67,SHORT
2025-09-29 18:00:00,1855.179852268439,2025-10-03 06:00:00,1883.627467219528,-1.5334154753947125,84,SHORT
2025-10-03 21:00:00,1859.3996917107252,2025-10-07 11:00:00,1826.839298463942,-1.7511239456443204,86,LONG
2025-10-08 01:00:00,1845.0387986315857,2025-10-10 18:00:00,1875.2448138844236,-1.637147970830797,65,SHORT
2025-10-11 11:00:00,1862.746730253846,2025-10-14 01:00:00,1834.261475552846,-1.5292070703094565,62,LONG
2025-10-15 04:00:00,1841.6671577361408,2025-10-17 12:00:00,1869.8392990365107,-1.5297086219966265,56,SHORT
2025-10-18 05:00:00,1863.772945651772,2025-10-21 02:00:00,1833.599825928282,-1.6189268008146993,69,LONG
2025-10-21 20:00:00,1841.7790185665024,2025-10-24 11:00:00,1873.5990877001484,-1.7276811611423557,63,SHORT
2025-10-25 01:00:00,1864.085376884774,2025-10-27 23:00:00,1835.4448133968767,-1.5364405430700188,70,LONG
2025-10-29 10:00:00,1842.2318700058613,2025-10-30 23:00:00,1873.3608031051767,-1.6897402333625016,37,SHORT
2025-11-01 18:00:00,1871.5026968849832,2025-11-04 02:00:00,1837.4899160568489,-1.817404852514867,56,LONG
2025-11-05 07:00:00,1849.549830595352,2025-11-07 05:00:00,1881.107336877804,-1.70622633466945,46,SHORT
2025-11-08 08:00:00,1874.3610218630336,2025-11-11 06:00:00,1842.0031256746047,-1.7263427808729463,70,LONG
2025-11-11 20:00:00,1853.4722054703047,2025-11-14 18:00:00,1881.6490722974545,-1.52022062936736,70,SHORT
2025-11-15 08:00:00,1874.987037079184,2025-11-18 07:00:00,1842.4123658402957,-1.737327810523551,71,LONG
2025-11-19 03:00:00,1855.8903947681908,2025-11-21 14:00:00,1885.9941190357436,-1.6220636925766727,59,SHORT
2025-11-22 11:00:00,1879.1318638733387,2025-11-25 05:00:00,1850.351758066689,-1.5315639290649412,66,LONG
2025-11-25 23:00:00,1862.053598667616,2025-11-28 12:00:00,1896.1440937185853,-1.8308009541380905,61,SHORT
2025-11-29 02:00:00,1880.5300246781385,2025-12-03 05:00:00,1832.7324140051303,-2.5417095204948392,99,LONG
2025-12-03 19:00:00,1857.7336140997663,2025-12-04 03:00:00,1888.2512388715272,-1.642734164906056,8,SHORT
2025-12-05 01:00:00,1871.544775881144,2025-12-20 05:00:00,1918.427484974737,2.505027381539402,364,LONG
2025-12-20 19:00:00,1906.8320697627528,2025-12-22 22:00:00,1873.694216760428,-1.7378485251953961,51,LONG
2025-12-25 23:00:00,1886.4694818558585,2026-01-11 05:00:00,1933.983263143021,2.518661539142409,390,LONG
2026-01-14 10:00:00,1894.3910327750848,2026-01-16 20:00:00,1929.640331844177,-1.8607192738584477,58,SHORT
2026-01-17 13:00:00,1920.572235077688,2026-01-20 04:00:00,1890.0852572197823,-1.5873903257105284,63,LONG
2026-01-21 01:00:00,1897.398760670435,2026-01-23 01:00:00,1928.0179794334524,-1.6137471678435333,48,SHORT
2026-01-24 05:00:00,1926.0196800490223,2026-01-27 05:00:00,1896.7003296060336,-1.5222767839133633,72,LONG
2026-01-28 13:00:00,1905.149830192213,2026-01-30 07:00:00,1935.122648239162,-1.5732525375143327,42,SHORT
2026-02-01 11:00:00,1932.015345373864,2026-02-03 08:00:00,1902.9117249130425,-1.5063866097393583,45,LONG
2026-02-04 16:00:00,1909.7519775070616,2026-02-06 20:00:00,1942.322739509964,-1.7054969643450495,52,SHORT
2026-02-07 11:00:00,1931.81538389772,2026-02-10 23:00:00,1900.368708936769,-1.6278302379755731,84,LONG
2026-02-11 18:00:00,1912.0290444998652,2026-02-13 09:00:00,1944.823770282345,-1.7151792686840739,39,SHORT
2026-02-14 12:00:00,1941.5229724539763,2026-02-17 11:00:00,1896.2901427373165,-2.329760211875734,71,LONG
2026-02-18 09:00:00,1913.0681031785757,2026-02-19 14:00:00,1947.1438695137929,-1.7812103123040965,29,SHORT
2026-02-20 09:00:00,1929.8019583859195,2026-02-24 15:00:00,1899.986674042524,-1.5449919207426261,102,LONG
2026-02-25 11:00:00,1918.581057091341,2026-02-27 13:00:00,1952.660253989356,-1.7762708941617837,50,SHORT
2026-02-28 13:00:00,1947.0033850592245,2026-03-02 20:00:00,1916.169360517607,-1.5836656873957922,55,LONG
